text,directories,files,commands,size,ls,command,all_dirs_checked,parent_dirs,sub_dirs
$ cd /,,,$ cd /,,,cd_check,0,,
$ ls,,,$ ls,,list_check,,1,,
dir blgtdv,blgtdv,,,,,,1,parent,
dir dbrfcz,dbrfcz,,,,,,1,parent,
dir fvspj,fvspj,,,,,,1,parent,
dir hbjmndt,hbjmndt,,,,,,1,parent,
dir hzg,hzg,,,,,,1,parent,
dir jpjgdm,jpjgdm,,,,,,1,parent,
dir mtd,mtd,,,,,,1,parent,
dir pcpf,pcpf,,,,,,1,parent,
dir qfttswwv,qfttswwv,,,,,,1,parent,
dir qrd,qrd,,,,,,1,parent,
dir zwqgg,zwqgg,,,,,,1,parent,
$ cd blgtdv,,,$ cd blgtdv,,,cd_check,1,,sub_blgtdv
$ ls,,,$ ls,,list_check,,2,,
dir bjlcfcfq,bjlcfcfq,,,,,,2,,
83465 bnm,,bnm,,83465.0,,,2,,
165543 cllbb,,cllbb,,165543.0,,,2,,
137127 cvbnjz.wzp,,cvbnjz.wzp,,137127.0,,,2,,
dir gzzz,gzzz,,,,,,2,,
dir nbdzs,nbdzs,,,,,,2,,
dir vvmcfptr,vvmcfptr,,,,,,2,,
dir wjvzwssp,wjvzwssp,,,,,,2,,
$ cd bjlcfcfq,,,$ cd bjlcfcfq,,,cd_check,2,,
$ ls,,,$ ls,,list_check,,3,,
dir fvspj,fvspj,,,,,,3,,
dir pwcvj,pwcvj,,,,,,3,,
dir tvhrzql,tvhrzql,,,,,,3,,
$ cd fvspj,,,$ cd fvspj,,,cd_check,3,,sub_fvspj
$ ls,,,$ ls,,list_check,,4,,
315202 cqwb.qzt,,cqwb.qzt,,315202.0,,,4,,
12768 lmdtnsmr,,lmdtnsmr,,12768.0,,,4,,
$ cd ..,,,$ cd ..,,,cd_check,4,,
$ cd pwcvj,,,$ cd pwcvj,,,cd_check,4,,
$ ls,,,$ ls,,list_check,,5,,
dir bjp,bjp,,,,,,5,,
138548 btj.sdn,,btj.sdn,,138548.0,,,5,,
140056 cllbb,,cllbb,,140056.0,,,5,,
dir drsgv,drsgv,,,,,,5,,
311875 fvspj,,fvspj,,311875.0,,,5,,
dir lpv,lpv,,,,,,5,,
dir mmtsh,mmtsh,,,,,,5,,
dir pwcvj,pwcvj,,,,,,5,,
252680 qrd.ngg,,qrd.ngg,,252680.0,,,5,,
dir rdftpm,rdftpm,,,,,,5,,
dir rzhq,rzhq,,,,,,5,,
$ cd bjp,,,$ cd bjp,,,cd_check,5,,
$ ls,,,$ ls,,list_check,,6,,
dir scggvb,scggvb,,,,,,6,,
$ cd scggvb,,,$ cd scggvb,,,cd_check,6,,
$ ls,,,$ ls,,list_check,,7,,
29012 lmdtnsmr,,lmdtnsmr,,29012.0,,,7,,
$ cd ..,,,$ cd ..,,,cd_check,7,,
$ cd ..,,,$ cd ..,,,cd_check,7,,
$ cd drsgv,,,$ cd drsgv,,,cd_check,7,,
$ ls,,,$ ls,,list_check,,8,,
41717 btj.sdn,,btj.sdn,,41717.0,,,8,,
203587 jctnszj.nnc,,jctnszj.nnc,,203587.0,,,8,,
304614 rdvjhjjr.bbt,,rdvjhjjr.bbt,,304614.0,,,8,,
$ cd ..,,,$ cd ..,,,cd_check,8,,
$ cd lpv,,,$ cd lpv,,,cd_check,8,,
$ ls,,,$ ls,,list_check,,9,,
292112 nlrbdjhf,,nlrbdjhf,,292112.0,,,9,,
304873 rdvjhjjr.bbt,,rdvjhjjr.bbt,,304873.0,,,9,,
$ cd ..,,,$ cd ..,,,cd_check,9,,
$ cd mmtsh,,,$ cd mmtsh,,,cd_check,9,,
$ ls,,,$ ls,,list_check,,10,,
12318 fbvvrvc.shb,,fbvvrvc.shb,,12318.0,,,10,,
$ cd ..,,,$ cd ..,,,cd_check,10,,
$ cd pwcvj,,,$ cd pwcvj,,,cd_check,10,,
$ ls,,,$ ls,,list_check,,11,,
dir dnfnl,dnfnl,,,,,,11,,
$ cd dnfnl,,,$ cd dnfnl,,,cd_check,11,,
$ ls,,,$ ls,,list_check,,12,,
191701 qfswvhj.wgs,,qfswvhj.wgs,,191701.0,,,12,,
$ cd ..,,,$ cd ..,,,cd_check,12,,
$ cd ..,,,$ cd ..,,,cd_check,12,,
$ cd rdftpm,,,$ cd rdftpm,,,cd_check,12,,
$ ls,,,$ ls,,list_check,,13,,
157406 fvwcjbsl.tdr,,fvwcjbsl.tdr,,157406.0,,,13,,
59827 jfdbcwln.frw,,jfdbcwln.frw,,59827.0,,,13,,
$ cd ..,,,$ cd ..,,,cd_check,13,,
$ cd rzhq,,,$ cd rzhq,,,cd_check,13,,
$ ls,,,$ ls,,list_check,,14,,
dir wcnm,wcnm,,,,,,14,,
$ cd wcnm,,,$ cd wcnm,,,cd_check,14,,
$ ls,,,$ ls,,list_check,,15,,
149296 wljbd,,wljbd,,149296.0,,,15,,
$ cd ..,,,$ cd ..,,,cd_check,15,,
$ cd ..,,,$ cd ..,,,cd_check,15,,
$ cd ..,,,$ cd ..,,,cd_check,15,,
$ cd tvhrzql,,,$ cd tvhrzql,,,cd_check,15,,
$ ls,,,$ ls,,list_check,,16,,
322339 hhlh.tdw,,hhlh.tdw,,322339.0,,,16,,
$ cd ..,,,$ cd ..,,,cd_check,16,,
$ cd ..,,,$ cd ..,,,cd_check,16,,
$ cd gzzz,,,$ cd gzzz,,,cd_check,16,,
$ ls,,,$ ls,,list_check,,17,,
156023 btj.sdn,,btj.sdn,,156023.0,,,17,,
$ cd ..,,,$ cd ..,,,cd_check,17,,
$ cd nbdzs,,,$ cd nbdzs,,,cd_check,17,,
$ ls,,,$ ls,,list_check,,18,,
211770 btj.sdn,,btj.sdn,,211770.0,,,18,,
56822 qqvmpnj,,qqvmpnj,,56822.0,,,18,,
$ cd ..,,,$ cd ..,,,cd_check,18,,
$ cd vvmcfptr,,,$ cd vvmcfptr,,,cd_check,18,,
$ ls,,,$ ls,,list_check,,19,,
199919 bbsd.mtl,,bbsd.mtl,,199919.0,,,19,,
44895 sspcnf,,sspcnf,,44895.0,,,19,,
$ cd ..,,,$ cd ..,,,cd_check,19,,
$ cd wjvzwssp,,,$ cd wjvzwssp,,,cd_check,19,,
$ ls,,,$ ls,,list_check,,20,,
268729 qplvqdv.mch,,qplvqdv.mch,,268729.0,,,20,,
$ cd ..,,,$ cd ..,,,cd_check,20,,
$ cd ..,,,$ cd ..,,,cd_check,20,,
$ cd dbrfcz,,,$ cd dbrfcz,,,cd_check,20,,sub_dbrfcz
$ ls,,,$ ls,,list_check,,21,,
26907 fvspj,,fvspj,,26907.0,,,21,,
207774 lpv.dpq,,lpv.dpq,,207774.0,,,21,,
$ cd ..,,,$ cd ..,,,cd_check,21,,
$ cd fvspj,,,$ cd fvspj,,,cd_check,21,,sub_fvspj
$ ls,,,$ ls,,list_check,,22,,
127312 bjlcfcfq.nhp,,bjlcfcfq.nhp,,127312.0,,,22,,
dir cdc,cdc,,,,,,22,,
dir fvspj,fvspj,,,,,,22,,
104875 mrjf.qsq,,mrjf.qsq,,104875.0,,,22,,
dir pwcvj,pwcvj,,,,,,22,,
dir qtnnz,qtnnz,,,,,,22,,
151668 rdvjhjjr.bbt,,rdvjhjjr.bbt,,151668.0,,,22,,
304863 swwgtpv.crc,,swwgtpv.crc,,304863.0,,,22,,
$ cd cdc,,,$ cd cdc,,,cd_check,22,,
$ ls,,,$ ls,,list_check,,23,,
278486 dtcdwhjt,,,,278486.0,,,23,,
221477 frwcvtgq.lgt,,frwcvtgq.lgt,,221477.0,,,23,,
$ cd ..,,,$ cd ..,,,cd_check,23,,
$ cd fvspj,,,$ cd fvspj,,,cd_check,23,,sub_fvspj
$ ls,,,$ ls,,list_check,,24,,
313053 lpv,,lpv,,313053.0,,,24,,
106354 mrjzgw.fgf,,mrjzgw.fgf,,106354.0,,,24,,
dir pwcvj,pwcvj,,,,,,24,,
dir qrd,qrd,,,,,,24,,
$ cd pwcvj,,,$ cd pwcvj,,,cd_check,24,,
$ ls,,,$ ls,,list_check,,25,,
297912 nrc.nrf,,nrc.nrf,,297912.0,,,25,,
$ cd ..,,,$ cd ..,,,cd_check,25,,
$ cd qrd,,,$ cd qrd,,,cd_check,25,,sub_qrd
$ ls,,,$ ls,,list_check,,26,,
33856 cgjj.hvj,,cgjj.hvj,,33856.0,,,26,,
$ cd ..,,,$ cd ..,,,cd_check,26,,
$ cd ..,,,$ cd ..,,,cd_check,26,,
$ cd pwcvj,,,$ cd pwcvj,,,cd_check,26,,
$ ls,,,$ ls,,list_check,,27,,
103274 fvspj,,fvspj,,103274.0,,,27,,
308112 hjgnqgpn.lzh,,hjgnqgpn.lzh,,308112.0,,,27,,
284461 qrd.qbf,,qrd.qbf,,284461.0,,,27,,
$ cd ..,,,$ cd ..,,,cd_check,27,,
$ cd qtnnz,,,$ cd qtnnz,,,cd_check,27,,
$ ls,,,$ ls,,list_check,,28,,
74435 lmdtnsmr,,lmdtnsmr,,74435.0,,,28,,
253121 rdvjhjjr.bbt,,rdvjhjjr.bbt,,253121.0,,,28,,
$ cd ..,,,$ cd ..,,,cd_check,28,,
$ cd ..,,,$ cd ..,,,cd_check,28,,
$ cd hbjmndt,,,$ cd hbjmndt,,,cd_check,28,,sub_hbjmndt
$ ls,,,$ ls,,list_check,,29,,
319596 bjlcfcfq,,bjlcfcfq,,319596.0,,,29,,
236959 pdcjnfh.pdr,,pdcjnfh.pdr,,236959.0,,,29,,
75402 pwcvj,,pwcvj,,75402.0,,,29,,
132359 qrd.hcg,,qrd.hcg,,132359.0,,,29,,
$ cd ..,,,$ cd ..,,,cd_check,29,,
$ cd hzg,,,$ cd hzg,,,cd_check,29,,sub_hzg
$ ls,,,$ ls,,list_check,,30,,
283914 wfhbbjn.qft,,wfhbbjn.qft,,283914.0,,,30,,
$ cd ..,,,$ cd ..,,,cd_check,30,,
$ cd jpjgdm,,,$ cd jpjgdm,,,cd_check,30,,sub_jpjgdm
$ ls,,,$ ls,,list_check,,31,,
186272 bjlcfcfq,,bjlcfcfq,,186272.0,,,31,,
dir fpgcdvm,fpgcdvm,,,,,,31,,
dir fqh,fqh,,,,,,31,,
196808 frntppq.npt,,frntppq.npt,,196808.0,,,31,,
dir mcszw,mcszw,,,,,,31,,
dir tgrplmn,tgrplmn,,,,,,31,,
dir tnhs,tnhs,,,,,,31,,
124656 vqbnc.pls,,,,124656.0,,,31,,
$ cd fpgcdvm,,,$ cd fpgcdvm,,,cd_check,31,,
$ ls,,,$ ls,,list_check,,32,,
150164 bbsd.mtl,,bbsd.mtl,,150164.0,,,32,,
dir lsj,lsj,,,,,,32,,
dir qrd,qrd,,,,,,32,,
72301 qrd.dlm,,qrd.dlm,,72301.0,,,32,,
184042 rdvjhjjr.bbt,,rdvjhjjr.bbt,,184042.0,,,32,,
247165 rgtrzrnj.ngq,,rgtrzrnj.ngq,,247165.0,,,32,,
121847 vwwmsd.drj,,vwwmsd.drj,,121847.0,,,32,,
$ cd lsj,,,$ cd lsj,,,cd_check,32,,
$ ls,,,$ ls,,list_check,,33,,
dir hdttgfvj,hdttgfvj,,,,,,33,,
$ cd hdttgfvj,,,$ cd hdttgfvj,,,cd_check,33,,
$ ls,,,$ ls,,list_check,,34,,
dir pwcvj,pwcvj,,,,,,34,,
$ cd pwcvj,,,$ cd pwcvj,,,cd_check,34,,
$ ls,,,$ ls,,list_check,,35,,
96128 hszn.dvp,,hszn.dvp,,96128.0,,,35,,
$ cd ..,,,$ cd ..,,,cd_check,35,,
$ cd ..,,,$ cd ..,,,cd_check,35,,
$ cd ..,,,$ cd ..,,,cd_check,35,,
$ cd qrd,,,$ cd qrd,,,cd_check,35,,sub_qrd
$ ls,,,$ ls,,list_check,,36,,
dir btltml,btltml,,,,,,36,,
dir rggvfrgb,rggvfrgb,,,,,,36,,
$ cd btltml,,,$ cd btltml,,,cd_check,36,,
$ ls,,,$ ls,,list_check,,37,,
264710 btj.sdn,,btj.sdn,,264710.0,,,37,,
148463 lvwcnzf,,lvwcnzf,,148463.0,,,37,,
$ cd ..,,,$ cd ..,,,cd_check,37,,
$ cd rggvfrgb,,,$ cd rggvfrgb,,,cd_check,37,,
$ ls,,,$ ls,,list_check,,38,,
166064 cllbb,,cllbb,,166064.0,,,38,,
318209 qrd.tgr,,qrd.tgr,,318209.0,,,38,,
$ cd ..,,,$ cd ..,,,cd_check,38,,
$ cd ..,,,$ cd ..,,,cd_check,38,,
$ cd ..,,,$ cd ..,,,cd_check,38,,
$ cd fqh,,,$ cd fqh,,,cd_check,38,,
$ ls,,,$ ls,,list_check,,39,,
dir fvspj,fvspj,,,,,,39,,
dir lpv,lpv,,,,,,39,,
dir pdqss,pdqss,,,,,,39,,
$ cd fvspj,,,$ cd fvspj,,,cd_check,39,,sub_fvspj
$ ls,,,$ ls,,list_check,,40,,
dir fvspj,fvspj,,,,,,40,,
$ cd fvspj,,,$ cd fvspj,,,cd_check,40,,sub_fvspj
$ ls,,,$ ls,,list_check,,41,,
178819 pwcvj.wwt,,pwcvj.wwt,,178819.0,,,41,,
$ cd ..,,,$ cd ..,,,cd_check,41,,
$ cd ..,,,$ cd ..,,,cd_check,41,,
$ cd lpv,,,$ cd lpv,,,cd_check,41,,
$ ls,,,$ ls,,list_check,,42,,
304819 btj.sdn,,btj.sdn,,304819.0,,,42,,
$ cd ..,,,$ cd ..,,,cd_check,42,,
$ cd pdqss,,,$ cd pdqss,,,cd_check,42,,
$ ls,,,$ ls,,list_check,,43,,
295812 qvrjfw,,qvrjfw,,295812.0,,,43,,
$ cd ..,,,$ cd ..,,,cd_check,43,,
$ cd ..,,,$ cd ..,,,cd_check,43,,
$ cd mcszw,,,$ cd mcszw,,,cd_check,43,,
$ ls,,,$ ls,,list_check,,44,,
dir hdcpljg,hdcpljg,,,,,,44,,
dir jpgrltj,jpgrltj,,,,,,44,,
$ cd hdcpljg,,,$ cd hdcpljg,,,cd_check,44,,
$ ls,,,$ ls,,list_check,,45,,
dir cwrzb,cwrzb,,,,,,45,,
$ cd cwrzb,,,$ cd cwrzb,,,cd_check,45,,
$ ls,,,$ ls,,list_check,,46,,
119913 cvdrqt.pmm,,cvdrqt.pmm,,119913.0,,,46,,
$ cd ..,,,$ cd ..,,,cd_check,46,,
$ cd ..,,,$ cd ..,,,cd_check,46,,
$ cd jpgrltj,,,$ cd jpgrltj,,,cd_check,46,,
$ ls,,,$ ls,,list_check,,47,,
dir frqzwfbd,frqzwfbd,,,,,,47,,
dir fvspj,fvspj,,,,,,47,,
303128 gpv.vrp,,gpv.vrp,,303128.0,,,47,,
175649 jdtzr,,jdtzr,,175649.0,,,47,,
dir mhrnnhhz,mhrnnhhz,,,,,,47,,
dir mmf,mmf,,,,,,47,,
dir prpmrtc,prpmrtc,,,,,,47,,
157295 zcwvc,,zcwvc,,157295.0,,,47,,
$ cd frqzwfbd,,,$ cd frqzwfbd,,,cd_check,47,,
$ ls,,,$ ls,,list_check,,48,,
dir rbpwmbg,rbpwmbg,,,,,,48,,
$ cd rbpwmbg,,,$ cd rbpwmbg,,,cd_check,48,,
$ ls,,,$ ls,,list_check,,49,,
272917 btj.sdn,,btj.sdn,,272917.0,,,49,,
$ cd ..,,,$ cd ..,,,cd_check,49,,
$ cd ..,,,$ cd ..,,,cd_check,49,,
$ cd fvspj,,,$ cd fvspj,,,cd_check,49,,sub_fvspj
$ ls,,,$ ls,,list_check,,50,,
dir bjlcfcfq,bjlcfcfq,,,,,,50,,
$ cd bjlcfcfq,,,$ cd bjlcfcfq,,,cd_check,50,,
$ ls,,,$ ls,,list_check,,51,,
20843 sglqrf.dhq,,sglqrf.dhq,,20843.0,,,51,,
$ cd ..,,,$ cd ..,,,cd_check,51,,
$ cd ..,,,$ cd ..,,,cd_check,51,,
$ cd mhrnnhhz,,,$ cd mhrnnhhz,,,cd_check,51,,
$ ls,,,$ ls,,list_check,,52,,
dir qrd,qrd,,,,,,52,,
dir vwtrwbc,vwtrwbc,,,,,,52,,
$ cd qrd,,,$ cd qrd,,,cd_check,52,,sub_qrd
$ ls,,,$ ls,,list_check,,53,,
288693 vvj,,vvj,,288693.0,,,53,,
$ cd ..,,,$ cd ..,,,cd_check,53,,
$ cd vwtrwbc,,,$ cd vwtrwbc,,,cd_check,53,,
$ ls,,,$ ls,,list_check,,54,,
220203 dmp,,dmp,,220203.0,,,54,,
$ cd ..,,,$ cd ..,,,cd_check,54,,
$ cd ..,,,$ cd ..,,,cd_check,54,,
$ cd mmf,,,$ cd mmf,,,cd_check,54,,
$ ls,,,$ ls,,list_check,,55,,
134321 bjlcfcfq.cct,,bjlcfcfq.cct,,134321.0,,,55,,
dir dvtbrnp,dvtbrnp,,,,,,55,,
dir qrd,qrd,,,,,,55,,
dir rfnnt,rfnnt,,,,,,55,,
248903 scfrnp.vtv,,scfrnp.vtv,,248903.0,,,55,,
dir sgrnztrg,sgrnztrg,,,,,,55,,
104979 tbnlqdjd.pvh,,tbnlqdjd.pvh,,104979.0,,,55,,
$ cd dvtbrnp,,,$ cd dvtbrnp,,,cd_check,55,,
$ ls,,,$ ls,,list_check,,56,,
108438 cllbb,,cllbb,,108438.0,,,56,,
247115 dcnsvp.nnv,,dcnsvp.nnv,,247115.0,,,56,,
$ cd ..,,,$ cd ..,,,cd_check,56,,
$ cd qrd,,,$ cd qrd,,,cd_check,56,,sub_qrd
$ ls,,,$ ls,,list_check,,57,,
13599 lvfpgjpm.bsf,,lvfpgjpm.bsf,,13599.0,,,57,,
162188 qrd.rgc,,qrd.rgc,,162188.0,,,57,,
144915 wrl,,wrl,,144915.0,,,57,,
99150 znn.bwr,,znn.bwr,,99150.0,,,57,,
$ cd ..,,,$ cd ..,,,cd_check,57,,
$ cd rfnnt,,,$ cd rfnnt,,,cd_check,57,,
$ ls,,,$ ls,,list_check,,58,,
267155 pwcvj.mff,,pwcvj.mff,,267155.0,,,58,,
$ cd ..,,,$ cd ..,,,cd_check,58,,
$ cd sgrnztrg,,,$ cd sgrnztrg,,,cd_check,58,,
$ ls,,,$ ls,,list_check,,59,,
96406 bbsd.mtl,,bbsd.mtl,,96406.0,,,59,,
dir fqzt,fqzt,,,,,,59,,
286557 fvspj.hgs,,fvspj.hgs,,286557.0,,,59,,
dir fwnfzlsh,fwnfzlsh,,,,,,59,,
2681 lpv,,lpv,,2681.0,,,59,,
dir nhdlzz,nhdlzz,,,,,,59,,
307130 pqdf,,pqdf,,307130.0,,,59,,
26564 qjhqq.wpf,,qjhqq.wpf,,26564.0,,,59,,
$ cd fqzt,,,$ cd fqzt,,,cd_check,59,,
$ ls,,,$ ls,,list_check,,60,,
133312 bbsd.mtl,,bbsd.mtl,,133312.0,,,60,,
dir jrvwtcm,jrvwtcm,,,,,,60,,
dir lvwvhh,lvwvhh,,,,,,60,,
dir qdmwttjf,qdmwttjf,,,,,,60,,
$ cd jrvwtcm,,,$ cd jrvwtcm,,,cd_check,60,,
$ ls,,,$ ls,,list_check,,61,,
dir lpv,lpv,,,,,,61,,
dir qrd,qrd,,,,,,61,,
$ cd lpv,,,$ cd lpv,,,cd_check,61,,
$ ls,,,$ ls,,list_check,,62,,
167512 fvspj.ncn,,fvspj.ncn,,167512.0,,,62,,
152101 hjqnflqq,,hjqnflqq,,152101.0,,,62,,
dir jnzjz,jnzjz,,,,,,62,,
150334 lmdtnsmr,,lmdtnsmr,,150334.0,,,62,,
160486 pwcvj.wrq,,pwcvj.wrq,,160486.0,,,62,,
$ cd jnzjz,,,$ cd jnzjz,,,cd_check,62,,
$ ls,,,$ ls,,list_check,,63,,
159850 vqhljfwn.gvn,,vqhljfwn.gvn,,159850.0,,,63,,
$ cd ..,,,$ cd ..,,,cd_check,63,,
$ cd ..,,,$ cd ..,,,cd_check,63,,
$ cd qrd,,,$ cd qrd,,,cd_check,63,,sub_qrd
$ ls,,,$ ls,,list_check,,64,,
159400 cllbb,,cllbb,,159400.0,,,64,,
76692 jmv.pcb,,jmv.pcb,,76692.0,,,64,,
35340 trrllrzh,,trrllrzh,,35340.0,,,64,,
$ cd ..,,,$ cd ..,,,cd_check,64,,
$ cd ..,,,$ cd ..,,,cd_check,64,,
$ cd lvwvhh,,,$ cd lvwvhh,,,cd_check,64,,
$ ls,,,$ ls,,list_check,,65,,
15938 cllbb,,cllbb,,15938.0,,,65,,
$ cd ..,,,$ cd ..,,,cd_check,65,,
$ cd qdmwttjf,,,$ cd qdmwttjf,,,cd_check,65,,
$ ls,,,$ ls,,list_check,,66,,
321474 bbsd.mtl,,bbsd.mtl,,321474.0,,,66,,
$ cd ..,,,$ cd ..,,,cd_check,66,,
$ cd ..,,,$ cd ..,,,cd_check,66,,
$ cd fwnfzlsh,,,$ cd fwnfzlsh,,,cd_check,66,,
$ ls,,,$ ls,,list_check,,67,,
293768 rdvjhjjr.bbt,,rdvjhjjr.bbt,,293768.0,,,67,,
231923 sjsst,,sjsst,,231923.0,,,67,,
85714 tftdtjn.gmj,,tftdtjn.gmj,,85714.0,,,67,,
$ cd ..,,,$ cd ..,,,cd_check,67,,
$ cd nhdlzz,,,$ cd nhdlzz,,,cd_check,67,,
$ ls,,,$ ls,,list_check,,68,,
32685 bbsd.mtl,,bbsd.mtl,,32685.0,,,68,,
144279 bjlcfcfq,,bjlcfcfq,,144279.0,,,68,,
87900 jvsrrdtl.cfg,,jvsrrdtl.cfg,,87900.0,,,68,,
92750 lpbl,,lpbl,,92750.0,,,68,,
$ cd ..,,,$ cd ..,,,cd_check,68,,
$ cd ..,,,$ cd ..,,,cd_check,68,,
$ cd ..,,,$ cd ..,,,cd_check,68,,
$ cd prpmrtc,,,$ cd prpmrtc,,,cd_check,68,,
$ ls,,,$ ls,,list_check,,69,,
246802 cllbb,,cllbb,,246802.0,,,69,,
168865 fvspj.qpw,,fvspj.qpw,,168865.0,,,69,,
dir hblbht,hblbht,,,,,,69,,
82290 lmdtnsmr,,lmdtnsmr,,82290.0,,,69,,
$ cd hblbht,,,$ cd hblbht,,,cd_check,69,,
$ ls,,,$ ls,,list_check,,70,,
207362 bjlcfcfq.zmn,,bjlcfcfq.zmn,,207362.0,,,70,,
$ cd ..,,,$ cd ..,,,cd_check,70,,
$ cd ..,,,$ cd ..,,,cd_check,70,,
$ cd ..,,,$ cd ..,,,cd_check,70,,
$ cd ..,,,$ cd ..,,,cd_check,70,,
$ cd tgrplmn,,,$ cd tgrplmn,,,cd_check,70,,
$ ls,,,$ ls,,list_check,,71,,
dir lpv,lpv,,,,,,71,,
dir mcl,mcl,,,,,,71,,
284751 mnsfpzg.llt,,mnsfpzg.llt,,284751.0,,,71,,
dir qswjwpb,qswjwpb,,,,,,71,,
59462 swzffqm.rgh,,swzffqm.rgh,,59462.0,,,71,,
dir tlcsgrsm,tlcsgrsm,,,,,,71,,
$ cd lpv,,,$ cd lpv,,,cd_check,71,,
$ ls,,,$ ls,,list_check,,72,,
dir bjlcfcfq,bjlcfcfq,,,,,,72,,
dir csmssc,csmssc,,,,,,72,,
dir dpmr,dpmr,,,,,,72,,
dir grt,grt,,,,,,72,,
56546 hbrph,,hbrph,,56546.0,,,72,,
133153 nhpqln,,nhpqln,,133153.0,,,72,,
311003 pwcvj,,pwcvj,,311003.0,,,72,,
196923 pwcvj.vzf,,pwcvj.vzf,,196923.0,,,72,,
dir qjm,qjm,,,,,,72,,
dir vjbrczs,vjbrczs,,,,,,72,,
$ cd bjlcfcfq,,,$ cd bjlcfcfq,,,cd_check,72,,
$ ls,,,$ ls,,list_check,,73,,
dir dcl,dcl,,,,,,73,,
dir fvspj,fvspj,,,,,,73,,
dir jfd,jfd,,,,,,73,,
94415 nvqznb.fps,,nvqznb.fps,,94415.0,,,73,,
189235 rdvjhjjr.bbt,,rdvjhjjr.bbt,,189235.0,,,73,,
dir sjmv,sjmv,,,,,,73,,
dir swzpgbv,swzpgbv,,,,,,73,,
191980 trlprb,,trlprb,,191980.0,,,73,,
19551 wjzrjgp.wzt,,wjzrjgp.wzt,,19551.0,,,73,,
$ cd dcl,,,$ cd dcl,,,cd_check,73,,
$ ls,,,$ ls,,list_check,,74,,
dir fvspj,fvspj,,,,,,74,,
dir hfjtj,hfjtj,,,,,,74,,
$ cd fvspj,,,$ cd fvspj,,,cd_check,74,,sub_fvspj
$ ls,,,$ ls,,list_check,,75,,
23433 bwwc.gfq,,bwwc.gfq,,23433.0,,,75,,
305839 ldgjls.mmv,,,,305839.0,,,75,,
dir mqbpjgpp,mqbpjgpp,,,,,,75,,
289110 qtwvsjj,,qtwvsjj,,289110.0,,,75,,
202233 sbzmlctz,,sbzmlctz,,202233.0,,,75,,
152311 wblvh.lmh,,wblvh.lmh,,152311.0,,,75,,
$ cd mqbpjgpp,,,$ cd mqbpjgpp,,,cd_check,75,,
$ ls,,,$ ls,,list_check,,76,,
236302 bjlcfcfq.qfd,,bjlcfcfq.qfd,,236302.0,,,76,,
58279 qrd,,qrd,,58279.0,,,76,,
$ cd ..,,,$ cd ..,,,cd_check,76,,
$ cd ..,,,$ cd ..,,,cd_check,76,,
$ cd hfjtj,,,$ cd hfjtj,,,cd_check,76,,
$ ls,,,$ ls,,list_check,,77,,
314282 fqv,,fqv,,314282.0,,,77,,
28353 gfzcbpr.npj,,gfzcbpr.npj,,28353.0,,,77,,
191265 pvdzvvz.ndn,,pvdzvvz.ndn,,191265.0,,,77,,
324328 qrd.qdj,,qrd.qdj,,324328.0,,,77,,
$ cd ..,,,$ cd ..,,,cd_check,77,,
$ cd ..,,,$ cd ..,,,cd_check,77,,
$ cd fvspj,,,$ cd fvspj,,,cd_check,77,,sub_fvspj
$ ls,,,$ ls,,list_check,,78,,
dir brcr,brcr,,,,,,78,,
dir jjhsmhq,jjhsmhq,,,,,,78,,
238436 qrd.gqd,,qrd.gqd,,238436.0,,,78,,
dir vmdsrmpw,vmdsrmpw,,,,,,78,,
$ cd brcr,,,$ cd brcr,,,cd_check,78,,
$ ls,,,$ ls,,list_check,,79,,
dir bjlcfcfq,bjlcfcfq,,,,,,79,,
dir grlppjws,grlppjws,,,,,,79,,
dir jflb,jflb,,,,,,79,,
dir tjw,tjw,,,,,,79,,
dir wdnfspnt,wdnfspnt,,,,,,79,,
$ cd bjlcfcfq,,,$ cd bjlcfcfq,,,cd_check,79,,
$ ls,,,$ ls,,list_check,,80,,
8182 wvv.pcd,,,,8182.0,,,80,,
$ cd ..,,,$ cd ..,,,cd_check,80,,
$ cd grlppjws,,,$ cd grlppjws,,,cd_check,80,,
$ ls,,,$ ls,,list_check,,81,,
dir pbjllgpv,pbjllgpv,,,,,,81,,
99788 qrd,,qrd,,99788.0,,,81,,
dir vbfqvcb,vbfqvcb,,,,,,81,,
$ cd pbjllgpv,,,$ cd pbjllgpv,,,cd_check,81,,
$ ls,,,$ ls,,list_check,,82,,
296139 bwdbhm,,bwdbhm,,296139.0,,,82,,
$ cd ..,,,$ cd ..,,,cd_check,82,,
$ cd vbfqvcb,,,$ cd vbfqvcb,,,cd_check,82,,
$ ls,,,$ ls,,list_check,,83,,
23885 cfnqsdrq,,cfnqsdrq,,23885.0,,,83,,
$ cd ..,,,$ cd ..,,,cd_check,83,,
$ cd ..,,,$ cd ..,,,cd_check,83,,
$ cd jflb,,,$ cd jflb,,,cd_check,83,,
$ ls,,,$ ls,,list_check,,84,,
242366 bbsd.mtl,,bbsd.mtl,,242366.0,,,84,,
221424 dmdrj,,dmdrj,,221424.0,,,84,,
$ cd ..,,,$ cd ..,,,cd_check,84,,
$ cd tjw,,,$ cd tjw,,,cd_check,84,,
$ ls,,,$ ls,,list_check,,85,,
275534 btj.sdn,,btj.sdn,,275534.0,,,85,,
$ cd ..,,,$ cd ..,,,cd_check,85,,
$ cd wdnfspnt,,,$ cd wdnfspnt,,,cd_check,85,,
$ ls,,,$ ls,,list_check,,86,,
234653 fvspj.mhh,,fvspj.mhh,,234653.0,,,86,,
185475 gdmvncmd.glf,,gdmvncmd.glf,,185475.0,,,86,,
241269 llpmndb.smv,,llpmndb.smv,,241269.0,,,86,,
$ cd ..,,,$ cd ..,,,cd_check,86,,
$ cd ..,,,$ cd ..,,,cd_check,86,,
$ cd jjhsmhq,,,$ cd jjhsmhq,,,cd_check,86,,
$ ls,,,$ ls,,list_check,,87,,
dir bjlcfcfq,bjlcfcfq,,,,,,87,,
dir cngcw,cngcw,,,,,,87,,
dir dgsh,dgsh,,,,,,87,,
dir fvspj,fvspj,,,,,,87,,
75186 gfpg,,gfpg,,75186.0,,,87,,
222104 rdvjhjjr.bbt,,rdvjhjjr.bbt,,222104.0,,,87,,
dir zhh,zhh,,,,,,87,,
$ cd bjlcfcfq,,,$ cd bjlcfcfq,,,cd_check,87,,
$ ls,,,$ ls,,list_check,,88,,
322155 cmfvqn.bnv,,cmfvqn.bnv,,322155.0,,,88,,
$ cd ..,,,$ cd ..,,,cd_check,88,,
$ cd cngcw,,,$ cd cngcw,,,cd_check,88,,
$ ls,,,$ ls,,list_check,,89,,
225265 bwblfgg.tbh,,bwblfgg.tbh,,225265.0,,,89,,
159815 rdvjhjjr.bbt,,rdvjhjjr.bbt,,159815.0,,,89,,
$ cd ..,,,$ cd ..,,,cd_check,89,,
$ cd dgsh,,,$ cd dgsh,,,cd_check,89,,
$ ls,,,$ ls,,list_check,,90,,
5999 qhb,,qhb,,5999.0,,,90,,
$ cd ..,,,$ cd ..,,,cd_check,90,,
$ cd fvspj,,,$ cd fvspj,,,cd_check,90,,sub_fvspj
$ ls,,,$ ls,,list_check,,91,,
dir jhvhb,jhvhb,,,,,,91,,
$ cd jhvhb,,,$ cd jhvhb,,,cd_check,91,,
$ ls,,,$ ls,,list_check,,92,,
284846 bbsd.mtl,,bbsd.mtl,,284846.0,,,92,,
268772 btj.sdn,,btj.sdn,,268772.0,,,92,,
63756 mjqm.wlj,,mjqm.wlj,,63756.0,,,92,,
$ cd ..,,,$ cd ..,,,cd_check,92,,
$ cd ..,,,$ cd ..,,,cd_check,92,,
$ cd zhh,,,$ cd zhh,,,cd_check,92,,
$ ls,,,$ ls,,list_check,,93,,
13809 pbfbglt.vjl,,pbfbglt.vjl,,13809.0,,,93,,
$ cd ..,,,$ cd ..,,,cd_check,93,,
$ cd ..,,,$ cd ..,,,cd_check,93,,
$ cd vmdsrmpw,,,$ cd vmdsrmpw,,,cd_check,93,,
$ ls,,,$ ls,,list_check,,94,,
dir fznqqt,fznqqt,,,,,,94,,
dir hpmz,hpmz,,,,,,94,,
249340 pmmvztbv.rwd,,pmmvztbv.rwd,,249340.0,,,94,,
118626 rljmwl.lfl,,rljmwl.lfl,,118626.0,,,94,,
$ cd fznqqt,,,$ cd fznqqt,,,cd_check,94,,
$ ls,,,$ ls,,list_check,,95,,
260619 bjlcfcfq.lhh,,bjlcfcfq.lhh,,260619.0,,,95,,
165606 cllbb,,cllbb,,165606.0,,,95,,
14095 tgnwqlp.npr,,tgnwqlp.npr,,14095.0,,,95,,
$ cd ..,,,$ cd ..,,,cd_check,95,,
$ cd hpmz,,,$ cd hpmz,,,cd_check,95,,
$ ls,,,$ ls,,list_check,,96,,
269899 qhmsm,,qhmsm,,269899.0,,,96,,
$ cd ..,,,$ cd ..,,,cd_check,96,,
$ cd ..,,,$ cd ..,,,cd_check,96,,
$ cd ..,,,$ cd ..,,,cd_check,96,,
$ cd jfd,,,$ cd jfd,,,cd_check,96,,
$ ls,,,$ ls,,list_check,,97,,
255103 lmdtnsmr,,lmdtnsmr,,255103.0,,,97,,
$ cd ..,,,$ cd ..,,,cd_check,97,,
$ cd sjmv,,,$ cd sjmv,,,cd_check,97,,
$ ls,,,$ ls,,list_check,,98,,
231148 bbsd.mtl,,bbsd.mtl,,231148.0,,,98,,
dir ctlcvb,ctlcvb,,,,,,98,,
dir lpv,lpv,,,,,,98,,
63332 nztdclbs.vfq,,nztdclbs.vfq,,63332.0,,,98,,
52185 rzlc,,rzlc,,52185.0,,,98,,
$ cd ctlcvb,,,$ cd ctlcvb,,,cd_check,98,,
$ ls,,,$ ls,,list_check,,99,,
181515 bjlcfcfq.bvz,,bjlcfcfq.bvz,,181515.0,,,99,,
$ cd ..,,,$ cd ..,,,cd_check,99,,
$ cd lpv,,,$ cd lpv,,,cd_check,99,,
$ ls,,,$ ls,,list_check,,100,,
dir cnbzsz,cnbzsz,,,,,,100,,
$ cd cnbzsz,,,$ cd cnbzsz,,,cd_check,100,,
$ ls,,,$ ls,,list_check,,101,,
67110 bjlcfcfq,,bjlcfcfq,,67110.0,,,101,,
$ cd ..,,,$ cd ..,,,cd_check,101,,
$ cd ..,,,$ cd ..,,,cd_check,101,,
$ cd ..,,,$ cd ..,,,cd_check,101,,
$ cd swzpgbv,,,$ cd swzpgbv,,,cd_check,101,,
$ ls,,,$ ls,,list_check,,102,,
dir qdswczwf,qdswczwf,,,,,,102,,
$ cd qdswczwf,,,$ cd qdswczwf,,,cd_check,102,,
$ ls,,,$ ls,,list_check,,103,,
280757 pbtmjh.rww,,pbtmjh.rww,,280757.0,,,103,,
dir rvnwwctv,rvnwwctv,,,,,,103,,
79261 tczj,,tczj,,79261.0,,,103,,
dir vppgbl,vppgbl,,,,,,103,,
125973 wbs.tvl,,wbs.tvl,,125973.0,,,103,,
$ cd rvnwwctv,,,$ cd rvnwwctv,,,cd_check,103,,
$ ls,,,$ ls,,list_check,,104,,
dir lnww,lnww,,,,,,104,,
$ cd lnww,,,$ cd lnww,,,cd_check,104,,
$ ls,,,$ ls,,list_check,,105,,
86468 qrd,,qrd,,86468.0,,,105,,
$ cd ..,,,$ cd ..,,,cd_check,105,,
$ cd ..,,,$ cd ..,,,cd_check,105,,
$ cd vppgbl,,,$ cd vppgbl,,,cd_check,105,,
$ ls,,,$ ls,,list_check,,106,,
167779 rdvjhjjr.bbt,,rdvjhjjr.bbt,,167779.0,,,106,,
$ cd ..,,,$ cd ..,,,cd_check,106,,
$ cd ..,,,$ cd ..,,,cd_check,106,,
$ cd ..,,,$ cd ..,,,cd_check,106,,
$ cd ..,,,$ cd ..,,,cd_check,106,,
$ cd csmssc,,,$ cd csmssc,,,cd_check,106,,
$ ls,,,$ ls,,list_check,,107,,
227296 vdpcbwr,,vdpcbwr,,227296.0,,,107,,
$ cd ..,,,$ cd ..,,,cd_check,107,,
$ cd dpmr,,,$ cd dpmr,,,cd_check,107,,
$ ls,,,$ ls,,list_check,,108,,
dir bjlcfcfq,bjlcfcfq,,,,,,108,,
dir bqh,bqh,,,,,,108,,
16258 dgqftmss.njh,,dgqftmss.njh,,16258.0,,,108,,
34709 fsdfwtm.vrq,,fsdfwtm.vrq,,34709.0,,,108,,
145444 lmdtnsmr,,lmdtnsmr,,145444.0,,,108,,
241098 qrd.psl,,qrd.psl,,241098.0,,,108,,
dir tlmdc,tlmdc,,,,,,108,,
$ cd bjlcfcfq,,,$ cd bjlcfcfq,,,cd_check,108,,
$ ls,,,$ ls,,list_check,,109,,
11283 ngcbs.mtd,,ngcbs.mtd,,11283.0,,,109,,
$ cd ..,,,$ cd ..,,,cd_check,109,,
$ cd bqh,,,$ cd bqh,,,cd_check,109,,
$ ls,,,$ ls,,list_check,,110,,
dir hldwv,hldwv,,,,,,110,,
$ cd hldwv,,,$ cd hldwv,,,cd_check,110,,
$ ls,,,$ ls,,list_check,,111,,
dir lhtjslpz,lhtjslpz,,,,,,111,,
199950 lwzcvjvp.qjj,,lwzcvjvp.qjj,,199950.0,,,111,,
102516 qhdttjp.lcb,,qhdttjp.lcb,,102516.0,,,111,,
dir qlbsp,qlbsp,,,,,,111,,
$ cd lhtjslpz,,,$ cd lhtjslpz,,,cd_check,111,,
$ ls,,,$ ls,,list_check,,112,,
114219 bbsd.mtl,,bbsd.mtl,,114219.0,,,112,,
dir fvspj,fvspj,,,,,,112,,
$ cd fvspj,,,$ cd fvspj,,,cd_check,112,,sub_fvspj
$ ls,,,$ ls,,list_check,,113,,
253208 cllbb,,cllbb,,253208.0,,,113,,
dir tjzcwv,tjzcwv,,,,,,113,,
dir tzdp,tzdp,,,,,,113,,
dir vpwgc,vpwgc,,,,,,113,,
$ cd tjzcwv,,,$ cd tjzcwv,,,cd_check,113,,
$ ls,,,$ ls,,list_check,,114,,
85489 rdvjhjjr.bbt,,rdvjhjjr.bbt,,85489.0,,,114,,
dir shsfppt,shsfppt,,,,,,114,,
$ cd shsfppt,,,$ cd shsfppt,,,cd_check,114,,
$ ls,,,$ ls,,list_check,,115,,
206314 fhgmvp.fmv,,fhgmvp.fmv,,206314.0,,,115,,
$ cd ..,,,$ cd ..,,,cd_check,115,,
$ cd ..,,,$ cd ..,,,cd_check,115,,
$ cd tzdp,,,$ cd tzdp,,,cd_check,115,,
$ ls,,,$ ls,,list_check,,116,,
319129 zvwhbg.qbf,,zvwhbg.qbf,,319129.0,,,116,,
$ cd ..,,,$ cd ..,,,cd_check,116,,
$ cd vpwgc,,,$ cd vpwgc,,,cd_check,116,,
$ ls,,,$ ls,,list_check,,117,,
81012 pclb.wdr,,pclb.wdr,,81012.0,,,117,,
$ cd ..,,,$ cd ..,,,cd_check,117,,
$ cd ..,,,$ cd ..,,,cd_check,117,,
$ cd ..,,,$ cd ..,,,cd_check,117,,
$ cd qlbsp,,,$ cd qlbsp,,,cd_check,117,,
$ ls,,,$ ls,,list_check,,118,,
149628 fctp.hzz,,fctp.hzz,,149628.0,,,118,,
$ cd ..,,,$ cd ..,,,cd_check,118,,
$ cd ..,,,$ cd ..,,,cd_check,118,,
$ cd ..,,,$ cd ..,,,cd_check,118,,
$ cd tlmdc,,,$ cd tlmdc,,,cd_check,118,,
$ ls,,,$ ls,,list_check,,119,,
54390 dbrt.bns,,dbrt.bns,,54390.0,,,119,,
$ cd ..,,,$ cd ..,,,cd_check,119,,
$ cd ..,,,$ cd ..,,,cd_check,119,,
$ cd grt,,,$ cd grt,,,cd_check,119,,
$ ls,,,$ ls,,list_check,,120,,
166012 fdh,,fdh,,166012.0,,,120,,
$ cd ..,,,$ cd ..,,,cd_check,120,,
$ cd qjm,,,$ cd qjm,,,cd_check,120,,
$ ls,,,$ ls,,list_check,,121,,
28225 rdvjhjjr.bbt,,rdvjhjjr.bbt,,28225.0,,,121,,
$ cd ..,,,$ cd ..,,,cd_check,121,,
$ cd vjbrczs,,,$ cd vjbrczs,,,cd_check,121,,
$ ls,,,$ ls,,list_check,,122,,
198931 cllbb,,cllbb,,198931.0,,,122,,
$ cd ..,,,$ cd ..,,,cd_check,122,,
$ cd ..,,,$ cd ..,,,cd_check,122,,
$ cd mcl,,,$ cd mcl,,,cd_check,122,,
$ ls,,,$ ls,,list_check,,123,,
dir qrd,qrd,,,,,,123,,
$ cd qrd,,,$ cd qrd,,,cd_check,123,,sub_qrd
$ ls,,,$ ls,,list_check,,124,,
33750 ddhhs.vqq,,ddhhs.vqq,,33750.0,,,124,,
$ cd ..,,,$ cd ..,,,cd_check,124,,
$ cd ..,,,$ cd ..,,,cd_check,124,,
$ cd qswjwpb,,,$ cd qswjwpb,,,cd_check,124,,
$ ls,,,$ ls,,list_check,,125,,
35549 fmfjcfj,,fmfjcfj,,35549.0,,,125,,
dir hjphpcbg,hjphpcbg,,,,,,125,,
dir lpv,lpv,,,,,,125,,
267871 ztzz,,ztzz,,267871.0,,,125,,
$ cd hjphpcbg,,,$ cd hjphpcbg,,,cd_check,125,,
$ ls,,,$ ls,,list_check,,126,,
245718 rsprrb,,rsprrb,,245718.0,,,126,,
$ cd ..,,,$ cd ..,,,cd_check,126,,
$ cd lpv,,,$ cd lpv,,,cd_check,126,,
$ ls,,,$ ls,,list_check,,127,,
37017 pwcvj,,pwcvj,,37017.0,,,127,,
$ cd ..,,,$ cd ..,,,cd_check,127,,
$ cd ..,,,$ cd ..,,,cd_check,127,,
$ cd tlcsgrsm,,,$ cd tlcsgrsm,,,cd_check,127,,
$ ls,,,$ ls,,list_check,,128,,
300513 cnmjs.qnn,,cnmjs.qnn,,300513.0,,,128,,
304203 jhcmjmnl.mzn,,jhcmjmnl.mzn,,304203.0,,,128,,
$ cd ..,,,$ cd ..,,,cd_check,128,,
$ cd ..,,,$ cd ..,,,cd_check,128,,
$ cd tnhs,,,$ cd tnhs,,,cd_check,128,,
$ ls,,,$ ls,,list_check,,129,,
dir gszv,gszv,,,,,,129,,
dir lgh,lgh,,,,,,129,,
dir mtbpfwqp,mtbpfwqp,,,,,,129,,
dir zhgqm,zhgqm,,,,,,129,,
$ cd gszv,,,$ cd gszv,,,cd_check,129,,
$ ls,,,$ ls,,list_check,,130,,
83369 bbsd.mtl,,bbsd.mtl,,83369.0,,,130,,
70913 btj.sdn,,btj.sdn,,70913.0,,,130,,
dir dmfbw,dmfbw,,,,,,130,,
dir dnhpgb,dnhpgb,,,,,,130,,
dir fvspj,fvspj,,,,,,130,,
97494 lmdtnsmr,,lmdtnsmr,,97494.0,,,130,,
dir lpv,lpv,,,,,,130,,
104639 qrd.cpq,,qrd.cpq,,104639.0,,,130,,
$ cd dmfbw,,,$ cd dmfbw,,,cd_check,130,,
$ ls,,,$ ls,,list_check,,131,,
252522 jjw,,jjw,,252522.0,,,131,,
dir nqh,nqh,,,,,,131,,
dir swlq,swlq,,,,,,131,,
116306 tgjhnwsq.fvb,,tgjhnwsq.fvb,,116306.0,,,131,,
$ cd nqh,,,$ cd nqh,,,cd_check,131,,
$ ls,,,$ ls,,list_check,,132,,
116128 vpmc.tmw,,vpmc.tmw,,116128.0,,,132,,
$ cd ..,,,$ cd ..,,,cd_check,132,,
$ cd swlq,,,$ cd swlq,,,cd_check,132,,
$ ls,,,$ ls,,list_check,,133,,
dir bslwvw,bslwvw,,,,,,133,,
dir gqq,gqq,,,,,,133,,
162795 lpv.fdh,,lpv.fdh,,162795.0,,,133,,
$ cd bslwvw,,,$ cd bslwvw,,,cd_check,133,,
$ ls,,,$ ls,,list_check,,134,,
67711 bbsd.mtl,,bbsd.mtl,,67711.0,,,134,,
212000 ptfw.llc,,ptfw.llc,,212000.0,,,134,,
285956 qrd.qsp,,qrd.qsp,,285956.0,,,134,,
$ cd ..,,,$ cd ..,,,cd_check,134,,
$ cd gqq,,,$ cd gqq,,,cd_check,134,,
$ ls,,,$ ls,,list_check,,135,,
dir blgnqj,blgnqj,,,,,,135,,
$ cd blgnqj,,,$ cd blgnqj,,,cd_check,135,,
$ ls,,,$ ls,,list_check,,136,,
88943 nphgztg.bfg,,nphgztg.bfg,,88943.0,,,136,,
$ cd ..,,,$ cd ..,,,cd_check,136,,
$ cd ..,,,$ cd ..,,,cd_check,136,,
$ cd ..,,,$ cd ..,,,cd_check,136,,
$ cd ..,,,$ cd ..,,,cd_check,136,,
$ cd dnhpgb,,,$ cd dnhpgb,,,cd_check,136,,
$ ls,,,$ ls,,list_check,,137,,
291670 bbsd.mtl,,bbsd.mtl,,291670.0,,,137,,
106989 cllbb,,cllbb,,106989.0,,,137,,
279416 plh.bcb,,plh.bcb,,279416.0,,,137,,
$ cd ..,,,$ cd ..,,,cd_check,137,,
$ cd fvspj,,,$ cd fvspj,,,cd_check,137,,sub_fvspj
$ ls,,,$ ls,,list_check,,138,,
dir bcw,bcw,,,,,,138,,
102374 fvspj,,fvspj,,102374.0,,,138,,
230649 lmdtnsmr,,lmdtnsmr,,230649.0,,,138,,
dir lpv,lpv,,,,,,138,,
272047 zdfcv.jhm,,zdfcv.jhm,,272047.0,,,138,,
$ cd bcw,,,$ cd bcw,,,cd_check,138,,
$ ls,,,$ ls,,list_check,,139,,
235582 ptlfrl.sjv,,ptlfrl.sjv,,235582.0,,,139,,
$ cd ..,,,$ cd ..,,,cd_check,139,,
$ cd lpv,,,$ cd lpv,,,cd_check,139,,
$ ls,,,$ ls,,list_check,,140,,
58549 pwcvj.ctf,,pwcvj.ctf,,58549.0,,,140,,
$ cd ..,,,$ cd ..,,,cd_check,140,,
$ cd ..,,,$ cd ..,,,cd_check,140,,
$ cd lpv,,,$ cd lpv,,,cd_check,140,,
$ ls,,,$ ls,,list_check,,141,,
77416 cllbb,,cllbb,,77416.0,,,141,,
dir lgzmvj,lgzmvj,,,,,,141,,
$ cd lgzmvj,,,$ cd lgzmvj,,,cd_check,141,,
$ ls,,,$ ls,,list_check,,142,,
81760 fsmjc.grz,,fsmjc.grz,,81760.0,,,142,,
318477 nccf,,nccf,,318477.0,,,142,,
27650 pwcvj.zbr,,pwcvj.zbr,,27650.0,,,142,,
270952 qrd.fhf,,qrd.fhf,,270952.0,,,142,,
$ cd ..,,,$ cd ..,,,cd_check,142,,
$ cd ..,,,$ cd ..,,,cd_check,142,,
$ cd ..,,,$ cd ..,,,cd_check,142,,
$ cd lgh,,,$ cd lgh,,,cd_check,142,,
$ ls,,,$ ls,,list_check,,143,,
87112 hvtzr,,hvtzr,,87112.0,,,143,,
208042 jdqm,,jdqm,,208042.0,,,143,,
63985 mwvszg.dlp,,mwvszg.dlp,,63985.0,,,143,,
$ cd ..,,,$ cd ..,,,cd_check,143,,
$ cd mtbpfwqp,,,$ cd mtbpfwqp,,,cd_check,143,,
$ ls,,,$ ls,,list_check,,144,,
307186 bzg.vzd,,bzg.vzd,,307186.0,,,144,,
222517 lmdtnsmr,,lmdtnsmr,,222517.0,,,144,,
145642 lqnd,,lqnd,,145642.0,,,144,,
dir zpnwp,zpnwp,,,,,,144,,
$ cd zpnwp,,,$ cd zpnwp,,,cd_check,144,,
$ ls,,,$ ls,,list_check,,145,,
88669 jmqlmppg.dzv,,jmqlmppg.dzv,,88669.0,,,145,,
$ cd ..,,,$ cd ..,,,cd_check,145,,
$ cd ..,,,$ cd ..,,,cd_check,145,,
$ cd zhgqm,,,$ cd zhgqm,,,cd_check,145,,
$ ls,,,$ ls,,list_check,,146,,
dir pwcvj,pwcvj,,,,,,146,,
222559 rzjhcp.rmw,,rzjhcp.rmw,,222559.0,,,146,,
$ cd pwcvj,,,$ cd pwcvj,,,cd_check,146,,
$ ls,,,$ ls,,list_check,,147,,
48736 cnpfdfcw,,cnpfdfcw,,48736.0,,,147,,
dir csdfdgw,csdfdgw,,,,,,147,,
dir fvspj,fvspj,,,,,,147,,
312206 jvpzg.gdl,,jvpzg.gdl,,312206.0,,,147,,
163843 mfbszb.gfw,,mfbszb.gfw,,163843.0,,,147,,
161510 rbfgptrl,,rbfgptrl,,161510.0,,,147,,
$ cd csdfdgw,,,$ cd csdfdgw,,,cd_check,147,,
$ ls,,,$ ls,,list_check,,148,,
100340 lmdtnsmr,,lmdtnsmr,,100340.0,,,148,,
$ cd ..,,,$ cd ..,,,cd_check,148,,
$ cd fvspj,,,$ cd fvspj,,,cd_check,148,,sub_fvspj
$ ls,,,$ ls,,list_check,,149,,
207884 fvspj,,fvspj,,207884.0,,,149,,
$ cd ..,,,$ cd ..,,,cd_check,149,,
$ cd ..,,,$ cd ..,,,cd_check,149,,
$ cd ..,,,$ cd ..,,,cd_check,149,,
$ cd ..,,,$ cd ..,,,cd_check,149,,
$ cd ..,,,$ cd ..,,,cd_check,149,,
$ cd mtd,,,$ cd mtd,,,cd_check,149,,sub_mtd
$ ls,,,$ ls,,list_check,,150,,
dir mddvqd,mddvqd,,,,,,150,,
dir tjhsj,tjhsj,,,,,,150,,
$ cd mddvqd,,,$ cd mddvqd,,,cd_check,150,,
$ ls,,,$ ls,,list_check,,151,,
dir qldj,qldj,,,,,,151,,
$ cd qldj,,,$ cd qldj,,,cd_check,151,,
$ ls,,,$ ls,,list_check,,152,,
211861 dmb,,dmb,,211861.0,,,152,,
316204 lpv,,lpv,,316204.0,,,152,,
$ cd ..,,,$ cd ..,,,cd_check,152,,
$ cd ..,,,$ cd ..,,,cd_check,152,,
$ cd tjhsj,,,$ cd tjhsj,,,cd_check,152,,
$ ls,,,$ ls,,list_check,,153,,
dir fhhbq,fhhbq,,,,,,153,,
$ cd fhhbq,,,$ cd fhhbq,,,cd_check,153,,
$ ls,,,$ ls,,list_check,,154,,
151883 bbsd.mtl,,bbsd.mtl,,151883.0,,,154,,
15864 dlfz.hgh,,dlfz.hgh,,15864.0,,,154,,
242066 fvspj.trt,,fvspj.trt,,242066.0,,,154,,
$ cd ..,,,$ cd ..,,,cd_check,154,,
$ cd ..,,,$ cd ..,,,cd_check,154,,
$ cd ..,,,$ cd ..,,,cd_check,154,,
$ cd pcpf,,,$ cd pcpf,,,cd_check,154,,sub_pcpf
$ ls,,,$ ls,,list_check,,155,,
85832 cllbb,,cllbb,,85832.0,,,155,,
dir lpv,lpv,,,,,,155,,
35378 nnz,,nnz,,35378.0,,,155,,
167437 pwcvj.nqw,,pwcvj.nqw,,167437.0,,,155,,
dir zrvqgv,zrvqgv,,,,,,155,,
$ cd lpv,,,$ cd lpv,,,cd_check,155,,
$ ls,,,$ ls,,list_check,,156,,
194689 qrd.ctl,,qrd.ctl,,194689.0,,,156,,
$ cd ..,,,$ cd ..,,,cd_check,156,,
$ cd zrvqgv,,,$ cd zrvqgv,,,cd_check,156,,
$ ls,,,$ ls,,list_check,,157,,
316695 fspcfc.hcd,,,,316695.0,,,157,,
164055 qtdswzdg.rfv,,qtdswzdg.rfv,,164055.0,,,157,,
$ cd ..,,,$ cd ..,,,cd_check,157,,
$ cd ..,,,$ cd ..,,,cd_check,157,,
$ cd qfttswwv,,,$ cd qfttswwv,,,cd_check,157,,sub_qfttswwv
$ ls,,,$ ls,,list_check,,158,,
10747 btj.sdn,,btj.sdn,,10747.0,,,158,,
171061 cllbb,,cllbb,,171061.0,,,158,,
dir tczrc,tczrc,,,,,,158,,
dir vbzs,vbzs,,,,,,158,,
$ cd tczrc,,,$ cd tczrc,,,cd_check,158,,
$ ls,,,$ ls,,list_check,,159,,
55851 bbsd.mtl,,bbsd.mtl,,55851.0,,,159,,
238655 bjlcfcfq,,bjlcfcfq,,238655.0,,,159,,
270809 gqrcsfp.srl,,gqrcsfp.srl,,270809.0,,,159,,
dir hhjsmw,hhjsmw,,,,,,159,,
dir pwcvj,pwcvj,,,,,,159,,
92240 qtrdjb.lwj,,qtrdjb.lwj,,92240.0,,,159,,
183588 twqfttnb.zft,,twqfttnb.zft,,183588.0,,,159,,
$ cd hhjsmw,,,$ cd hhjsmw,,,cd_check,159,,
$ ls,,,$ ls,,list_check,,160,,
147282 lmdtnsmr,,lmdtnsmr,,147282.0,,,160,,
$ cd ..,,,$ cd ..,,,cd_check,160,,
$ cd pwcvj,,,$ cd pwcvj,,,cd_check,160,,
$ ls,,,$ ls,,list_check,,161,,
dir pwcvj,pwcvj,,,,,,161,,
dir qncs,qncs,,,,,,161,,
$ cd pwcvj,,,$ cd pwcvj,,,cd_check,161,,
$ ls,,,$ ls,,list_check,,162,,
173559 bbsd.mtl,,bbsd.mtl,,173559.0,,,162,,
dir bjlcfcfq,bjlcfcfq,,,,,,162,,
dir dhnpch,dhnpch,,,,,,162,,
1035 fvspj.bnr,,fvspj.bnr,,1035.0,,,162,,
89588 mcwjg.zwr,,mcwjg.zwr,,89588.0,,,162,,
104459 qrd,,qrd,,104459.0,,,162,,
dir sjzqb,sjzqb,,,,,,162,,
$ cd bjlcfcfq,,,$ cd bjlcfcfq,,,cd_check,162,,
$ ls,,,$ ls,,list_check,,163,,
14879 cdttjfw,,,,14879.0,,,163,,
$ cd ..,,,$ cd ..,,,cd_check,163,,
$ cd dhnpch,,,$ cd dhnpch,,,cd_check,163,,
$ ls,,,$ ls,,list_check,,164,,
162094 lpv.gnt,,lpv.gnt,,162094.0,,,164,,
$ cd ..,,,$ cd ..,,,cd_check,164,,
$ cd sjzqb,,,$ cd sjzqb,,,cd_check,164,,
$ ls,,,$ ls,,list_check,,165,,
181343 qrd.grj,,qrd.grj,,181343.0,,,165,,
$ cd ..,,,$ cd ..,,,cd_check,165,,
$ cd ..,,,$ cd ..,,,cd_check,165,,
$ cd qncs,,,$ cd qncs,,,cd_check,165,,
$ ls,,,$ ls,,list_check,,166,,
53083 rdvjhjjr.bbt,,rdvjhjjr.bbt,,53083.0,,,166,,
$ cd ..,,,$ cd ..,,,cd_check,166,,
$ cd ..,,,$ cd ..,,,cd_check,166,,
$ cd ..,,,$ cd ..,,,cd_check,166,,
$ cd vbzs,,,$ cd vbzs,,,cd_check,166,,
$ ls,,,$ ls,,list_check,,167,,
dir bjlcfcfq,bjlcfcfq,,,,,,167,,
dir fvspj,fvspj,,,,,,167,,
68372 jbgpjfp.rgf,,jbgpjfp.rgf,,68372.0,,,167,,
dir lpv,lpv,,,,,,167,,
dir mrlb,mrlb,,,,,,167,,
275661 pwcvj,,pwcvj,,275661.0,,,167,,
245928 pwcvj.vdn,,pwcvj.vdn,,245928.0,,,167,,
$ cd bjlcfcfq,,,$ cd bjlcfcfq,,,cd_check,167,,
$ ls,,,$ ls,,list_check,,168,,
98693 lfhvbqbr.dhb,,lfhvbqbr.dhb,,98693.0,,,168,,
$ cd ..,,,$ cd ..,,,cd_check,168,,
$ cd fvspj,,,$ cd fvspj,,,cd_check,168,,sub_fvspj
$ ls,,,$ ls,,list_check,,169,,
49016 sbdt.jvr,,sbdt.jvr,,49016.0,,,169,,
$ cd ..,,,$ cd ..,,,cd_check,169,,
$ cd lpv,,,$ cd lpv,,,cd_check,169,,
$ ls,,,$ ls,,list_check,,170,,
200303 gwdts,,gwdts,,200303.0,,,170,,
208633 hbnt,,hbnt,,208633.0,,,170,,
311252 lmdtnsmr,,lmdtnsmr,,311252.0,,,170,,
dir pwcvj,pwcvj,,,,,,170,,
142468 qrp.flq,,qrp.flq,,142468.0,,,170,,
$ cd pwcvj,,,$ cd pwcvj,,,cd_check,170,,
$ ls,,,$ ls,,list_check,,171,,
292769 mpnbhc.pjd,,mpnbhc.pjd,,292769.0,,,171,,
$ cd ..,,,$ cd ..,,,cd_check,171,,
$ cd ..,,,$ cd ..,,,cd_check,171,,
$ cd mrlb,,,$ cd mrlb,,,cd_check,171,,
$ ls,,,$ ls,,list_check,,172,,
294408 btj.sdn,,btj.sdn,,294408.0,,,172,,
$ cd ..,,,$ cd ..,,,cd_check,172,,
$ cd ..,,,$ cd ..,,,cd_check,172,,
$ cd ..,,,$ cd ..,,,cd_check,172,,
$ cd qrd,,,$ cd qrd,,,cd_check,172,,sub_qrd
$ ls,,,$ ls,,list_check,,173,,
dir gmfgrfh,gmfgrfh,,,,,,173,,
dir hcmghq,hcmghq,,,,,,173,,
189250 lpv.wpc,,lpv.wpc,,189250.0,,,173,,
$ cd gmfgrfh,,,$ cd gmfgrfh,,,cd_check,173,,
$ ls,,,$ ls,,list_check,,174,,
236737 bbsd.mtl,,bbsd.mtl,,236737.0,,,174,,
237212 btj.sdn,,btj.sdn,,237212.0,,,174,,
288952 cllbb,,cllbb,,288952.0,,,174,,
217475 jnq.dzb,,jnq.dzb,,217475.0,,,174,,
180241 tfhhncs,,tfhhncs,,180241.0,,,174,,
$ cd ..,,,$ cd ..,,,cd_check,174,,
$ cd hcmghq,,,$ cd hcmghq,,,cd_check,174,,
$ ls,,,$ ls,,list_check,,175,,
dir fgw,fgw,,,,,,175,,
130490 lpv.gnr,,lpv.gnr,,130490.0,,,175,,
292092 pwcvj.fjl,,pwcvj.fjl,,292092.0,,,175,,
$ cd fgw,,,$ cd fgw,,,cd_check,175,,
$ ls,,,$ ls,,list_check,,176,,
11097 cllbb,,cllbb,,11097.0,,,176,,
dir fvz,fvz,,,,,,176,,
dir qrtdvnvv,qrtdvnvv,,,,,,176,,
$ cd fvz,,,$ cd fvz,,,cd_check,176,,
$ ls,,,$ ls,,list_check,,177,,
216721 bjlcfcfq,,bjlcfcfq,,216721.0,,,177,,
$ cd ..,,,$ cd ..,,,cd_check,177,,
$ cd qrtdvnvv,,,$ cd qrtdvnvv,,,cd_check,177,,
$ ls,,,$ ls,,list_check,,178,,
179262 lhtsg.hrn,,lhtsg.hrn,,179262.0,,,178,,
$ cd ..,,,$ cd ..,,,cd_check,178,,
$ cd ..,,,$ cd ..,,,cd_check,178,,
$ cd ..,,,$ cd ..,,,cd_check,178,,
$ cd ..,,,$ cd ..,,,cd_check,178,,
$ cd zwqgg,,,$ cd zwqgg,,,cd_check,178,,sub_zwqgg
$ ls,,,$ ls,,list_check,,179,,
dir gqpfcv,gqpfcv,,,,,,179,,
dir lpv,lpv,,,,,,179,,
dir qtgqnqh,qtgqnqh,,,,,,179,,
$ cd gqpfcv,,,$ cd gqpfcv,,,cd_check,179,,
$ ls,,,$ ls,,list_check,,180,,
dir mwzt,mwzt,,,,,,180,,
$ cd mwzt,,,$ cd mwzt,,,cd_check,180,,
$ ls,,,$ ls,,list_check,,181,,
302445 fvspj,,fvspj,,302445.0,,,181,,
$ cd ..,,,$ cd ..,,,cd_check,181,,
$ cd ..,,,$ cd ..,,,cd_check,181,,
$ cd lpv,,,$ cd lpv,,,cd_check,181,,
$ ls,,,$ ls,,list_check,,182,,
38004 vrcbm.qtb,,vrcbm.qtb,,38004.0,,,182,,
$ cd ..,,,$ cd ..,,,cd_check,182,,
$ cd qtgqnqh,,,$ cd qtgqnqh,,,cd_check,182,,
$ ls,,,$ ls,,list_check,,183,,
175846 pwcvj.bpm,,pwcvj.bpm,,175846.0,,,183,,
